<?xml version="1.0" encoding="UTF-8" standalone="yes"?>
<addon id="repository.nordicrepo.plugins" name="NordicRepo Add-on Repository" version="1.0.0" provider-name="nordicrepo">
    <extension point="xbmc.addon.repository" name="NordicRepo Add-on Repository">
        <info>https://raw.githubusercontent.com/T75L/xbmc.nordicrepo.plugins/master/addons.xml</info>
        <checksum>https://raw.githubusercontent.com/T75L/xbmc.nordicrepo.plugins/master/addons.xml.md5</checksum>
        <datadir zip="true">https://github.com/T75L/xbmc.nordicrepo.plugins/raw/master/plugins/</datadir>
    </extension>
    <extension point="xbmc.addon.metadata">
        <platform>all</platform>
        <summary lang="en">Install add-ons from nordicrepo repository</summary>
        <description lang="en">Add-ons for Kodi</description>        
    </extension>
</addon>
